App2,"([], '4.82146096', None, 'Infeasible')"
App3,"([(0, 37), (1, 8), (2, 31), (3, 3), (4, 28), (5, 42), (6, 23), (7, 23), (8, 9), (9, 9), (10, 21), (11, 5), (12, 13), (13, 13), (14, 8), (15, 11), (16, 3), (17, 20), (18, 11), (19, 20), (20, 43), (21, 22), (22, 5), (23, 35), (24, 35), (25, 22)], '11.63182902', 6.274667024612427, 'Optimal')"
App4,"([(0, 13), (1, 8), (2, 8), (3, 8), (4, 11), (5, 11), (6, 13)], '1.46590590', 0.12247896194458008, 'Optimal')"
